0083,harry potter and the chamber of secrets,19,harry potter series
0083,harry potter and the half blood prince,22,harry potter series
0083,harry potter the prisoner,20,harry potter series
0083,harry potter wiki,27,harry potter series
0083,harry potter series,27,harry potter series
0083,harry potter and the order of the phoenix,20,harry potter series
0083,harry potter character,10,harry potter book
0083,harry potter quotes,7,harry potter book
0083,harry potter book club,20,harry potter book
0083,harry potter characters,20,harry potter book
0083,harry potter (character),10,harry potter book
0083,harry potter book,38,harry potter book
0083,harry potter free,7,harry potter film
0083,harry potter (film series),10,harry potter film
0083,harry potter film,27,harry potter film
0083,harry potter movies in order,21,harry potter film
0083,harry potter imdb,20,harry potter film
0083,harry potter and the deathly hallows 2 online,40,harry potter film
0083,harry potter meetup,1,harry potter film
0083,harry potter movie,10,harry potter film
0083,harry potter cast,15,harry potter film
0083,harry potter premiere,40,harry potter film
0083,harry potter scarf,1,harry potter themepark
0083,harry potter theme park,40,harry potter themepark
0083,harry potter world,10,harry potter themepark
0083,harry potter lego,10,harry potter games
0083,harry potter word games,20,harry potter games
0083,harry potter quiz,3,harry potter games
0083,harry potter games,42,harry potter games
